{
    "entity_instances": {
        "state": {
            "names": ["s1", "s2"],
            "policy": [
                0.46442345298389676,
                -0.68752813142945
            ]
        },
        "town": {
            "names": ["t1", "t2", "t3"],
            "prevalence": [
                0.254155137875835,
                0.5156210406803714,
                0.6823816790674176
            ],
            "policy": [
                -0.24144645441224147,
                -0.590289789402218,
                0.3856994447835352
            ]
        },
        "business": {
            "names": ["b1", "b2", "b3", "b4", "b5"],
            "occupancy": [
                1.1569136906156055,
                0.4543208517164605,
                0.44341924566748125,
                0.951189874007331,
                0.5034120405777726
            ]
        }
    },
    "relationship_instances": {
        "contains": [["s1", "t1"], ["s1", "t2"], ["s2", "t3"]],
        "resides": [["t1", "b1"], ["t1", "b2"], ["t2", "b3"], ["t3", "b4"], ["t3", "b5"]]
    }
}