{
    "state": {
        "policy": [
            0.46442345298389676,
            -0.68752813142945,
            -0.44925571398542313
        ]
    },
    "town": {
        "policy": [
            0.254155137875835,
            0.5156210406803714,
            0.6823816790674176,
            -0.6776208573539159,
            -0.61644149038962,
            -0.5036090445763899,
            -0.5303505765470437,
            -0.4208697865776241,
            -0.40528214430533976
        ],
        "prevalence": [
            -0.24144645441224147,
            -0.590289789402218,
            0.3856994447835352,
            -0.059853001313736526,
            0.09866599180620228,
            0.26243498189463793,
            0.2560996647622301,
            0.7835609281046599,
            0.8917647874865915
        ]
    },
    "business": {
        "occupancy": [
            1.1569136906156055,
            0.4543208517164605,
            0.44341924566748125,
            0.951189874007331,
            0.5034120405777726,
            0.9050370035184678,
            0.4233876121960605,
            0.3771173275481882,
            0.551442836925359,
            0.16154186257074998,
            -0.4284102939080963,
            -0.055314503498733125,
            -0.6781648376561902,
            0.0985248188101091,
            0.3254644596868601,
            -0.7548360469908169,
            -0.21790438399069761,
            -1.101104490353181,
            0.1305592647947479,
            -0.8950894555707933,
            -0.09314289118566021,
            -0.15258633761609153,
            -0.41104099004339933,
            -0.40510549919317307,
            -1.0056472616390124,
            0.11011665095290407,
            0.38063301411886624
        ]
    }
}